[
  {
    "id": "1a0094de-3636-48cb-8801-17717a2b9788",
    "validity": true
  },
  {
    "id": "a980265f-e07a-4e65-a7dd-76a8751338f6",
    "validity": false
  },
  {
    "id": "8f2f99ab-25fb-469e-9cfc-71467c3cccf3",
    "validity": false
  },
  {
    "id": "525bac06-7136-4770-a6da-19a35cab2610",
    "validity": true
  },
  {
    "id": "0e5eccac-e294-42b0-96eb-f34acf0ceb1a",
    "validity": false
  },
  {
    "id": "ed732d53-d206-41f3-a3dc-8c03dcc9d37b",
    "validity": false
  },
  {
    "id": "834d9056-3a64-4342-be1a-10be9456f4fd",
    "validity": true
  },
  {
    "id": "d3cc620e-2438-4c98-a79e-96f1ad1c849a",
    "validity": false
  },
  {
    "id": "14c5cb30-91db-4489-8cbb-f0ce8a396fdd",
    "validity": false
  },
  {
    "id": "fb437353-9988-4fbb-bf9e-c550ae6e60ff",
    "validity": false
  },
  {
    "id": "9bdc92be-0708-4acd-8271-cda879cc2602",
    "validity": false
  },
  {
    "id": "094f2f4f-36f6-4dcf-b703-d4b12effbc30",
    "validity": true
  },
  {
    "id": "0cb859e3-b7cf-411c-8616-f71e1e43e19e",
    "validity": false
  },
  {
    "id": "1f605900-fb2f-41f7-9191-0d1e08b8122e",
    "validity": true
  },
  {
    "id": "4e88a5ca-2ed3-4fe8-b8d6-32a58acaab84",
    "validity": false
  },
  {
    "id": "51a7724d-80e2-4ee0-b45f-a39eedec648f",
    "validity": true
  },
  {
    "id": "735f9cfe-73ba-443d-bc47-929bdf348afa",
    "validity": false
  },
  {
    "id": "8b7e4bc2-dc6f-4207-bd39-e15bde988ac5",
    "validity": true
  },
  {
    "id": "cd3b3363-37b2-487e-a4ba-f36f26f74703",
    "validity": false
  },
  {
    "id": "54dc1377-0261-4c16-af95-fa6e837b6540",
    "validity": true
  },
  {
    "id": "a27bfbf5-54dd-47d6-904b-d999d045fd7d",
    "validity": false
  },
  {
    "id": "963c540a-971f-4c75-8b51-abb3a504987c",
    "validity": false
  },
  {
    "id": "e4178301-df8f-47f7-bc8b-130e68904862",
    "validity": true
  },
  {
    "id": "23efcdf6-e40f-4da6-b834-09b576683e2c",
    "validity": true
  },
  {
    "id": "a6e441f6-ef07-4761-a2de-196d802c37fd",
    "validity": true
  },
  {
    "id": "28608dbf-22a9-4fcd-97af-05149b762a40",
    "validity": true
  },
  {
    "id": "21700c62-87ce-4a56-b92c-0603136a9e23",
    "validity": true
  },
  {
    "id": "1427a63e-c71d-473c-82f0-ef2d7980d2a1",
    "validity": true
  },
  {
    "id": "fd048dba-0796-42f0-a6b0-c531b5393d72",
    "validity": true
  },
  {
    "id": "79a6a4f1-95fe-4385-99f2-d87a029d6e53",
    "validity": false
  },
  {
    "id": "79d780f7-0f45-4abb-b74e-2f83c9e1c6cd",
    "validity": false
  },
  {
    "id": "ed6cc81e-e798-478d-b910-230cba6c40a7",
    "validity": true
  },
  {
    "id": "d605c2e9-4adb-45b7-9871-5c38fa7cb52c",
    "validity": true
  },
  {
    "id": "295d89e2-51ff-4b93-beb1-02a71e5210ac",
    "validity": true
  },
  {
    "id": "730749f1-0990-4b95-94a7-ae252ec0209e",
    "validity": true
  },
  {
    "id": "9035925b-22bf-4b70-9bae-1caa5fb090a6",
    "validity": true
  },
  {
    "id": "70125ddb-b5a8-403a-8f61-b7784b695242",
    "validity": false
  },
  {
    "id": "92427535-4c9f-485a-a2dd-1f116abc9fa6",
    "validity": true
  },
  {
    "id": "74186e65-643f-4843-8443-02e6ad512587",
    "validity": true
  },
  {
    "id": "9ff293bd-554c-4858-aff3-3b7bede232f9",
    "validity": true
  },
  {
    "id": "64de6256-16a8-4378-be6b-613d20d71a6f",
    "validity": true
  },
  {
    "id": "4a729564-eaeb-4ad0-ad1e-6650bfe992bf",
    "validity": true
  },
  {
    "id": "243ec258-430d-4a22-9eec-ee08ff723294",
    "validity": true
  },
  {
    "id": "2695b34b-ab4c-40e7-8e5f-4d3ec868e323",
    "validity": true
  },
  {
    "id": "cc371423-3ea9-4d03-a41b-e6538b858dfa",
    "validity": false
  },
  {
    "id": "a3af7489-e377-4235-9aca-a48018f2446a",
    "validity": true
  },
  {
    "id": "77280b1f-86d3-4978-8e24-911afb041753",
    "validity": true
  },
  {
    "id": "e5631f7b-ab47-450c-8a53-234b21ca674f",
    "validity": false
  },
  {
    "id": "42e7f0af-0813-4ec4-a3e3-9a07da8cd76c",
    "validity": true
  },
  {
    "id": "11b8ca92-ad55-4294-a3c6-35c4908b497b",
    "validity": true
  },
  {
    "id": "8e2668db-efc8-4ce6-8687-ac28fcb32e35",
    "validity": true
  },
  {
    "id": "a9439ee5-6ef1-4f23-acbd-fcf3446c1fee",
    "validity": true
  },
  {
    "id": "ad5b56d1-d0d0-48e0-b5a2-55bd1ab7f5f3",
    "validity": true
  },
  {
    "id": "325efe21-8c46-4171-b870-190e28b307ff",
    "validity": true
  },
  {
    "id": "27f552a5-891c-4694-b2aa-f7c345d3ae30",
    "validity": false
  },
  {
    "id": "89a56316-a3ce-46c4-8a5e-8f553d2d6981",
    "validity": true
  },
  {
    "id": "0ef838e7-a27c-4f33-a852-6dd37e9b0d62",
    "validity": true
  },
  {
    "id": "fafec48c-8520-48aa-8868-a3161eab5774",
    "validity": false
  },
  {
    "id": "79a5bc3c-3b34-4c2b-9927-04dc47bc93dd",
    "validity": false
  },
  {
    "id": "15428912-887a-473e-927d-b96da3ccb727",
    "validity": true
  },
  {
    "id": "8b2091de-64b6-4c3d-8057-8ea0f518275b",
    "validity": true
  },
  {
    "id": "d6c103ed-48b9-476f-928b-372930ff2547",
    "validity": false
  },
  {
    "id": "471b958f-12c1-473b-b660-e7bf6a7bc8a5",
    "validity": true
  },
  {
    "id": "df3818f6-ac5d-4cc3-8b73-a63b356b724e",
    "validity": true
  },
  {
    "id": "71ce63cd-6cfe-4516-a4f0-b3153f751ced",
    "validity": false
  },
  {
    "id": "3cbec47e-2693-47fe-8e9a-2afa90c0a833",
    "validity": true
  },
  {
    "id": "a6b9a38f-f372-4ffe-b48a-ea17557c2b24",
    "validity": true
  },
  {
    "id": "af28a974-3e5d-408e-9549-9ed33acf89b8",
    "validity": true
  },
  {
    "id": "03f61ab2-4d2d-4bef-bbf7-93147dd49130",
    "validity": false
  },
  {
    "id": "eb9e2873-3e72-42ff-a4de-c0e0f0036415",
    "validity": true
  },
  {
    "id": "9fa82985-9169-4636-b972-01d478e6360e",
    "validity": true
  },
  {
    "id": "33401764-6b38-4c64-8983-e1c1062d1f98",
    "validity": false
  },
  {
    "id": "94062d61-4540-49d2-b040-2af4bc860cbc",
    "validity": true
  },
  {
    "id": "b1769aba-611d-4aa9-a25a-394c14d97b59",
    "validity": false
  },
  {
    "id": "a72b459b-ada0-479b-9289-7df3a908349b",
    "validity": false
  },
  {
    "id": "88163ca8-bd47-4ec6-bc84-efc5923fa8fb",
    "validity": true
  },
  {
    "id": "70312fe3-c315-41e6-af39-09210c44f6f6",
    "validity": true
  },
  {
    "id": "bc05f308-0b8a-4c9a-9ab3-20479b8653e6",
    "validity": false
  },
  {
    "id": "58aeed6e-5e10-4770-8642-f22981d061ae",
    "validity": false
  },
  {
    "id": "6560647d-6e13-4095-bbbb-504011ff9a2e",
    "validity": true
  },
  {
    "id": "25b7dd4a-82d4-45dd-907d-c8bfa77c5dab",
    "validity": false
  },
  {
    "id": "66c02944-2444-4a21-87f3-4c6a4e3f2c7c",
    "validity": false
  },
  {
    "id": "a3a39ff5-8c7c-49bf-b23f-50abe575a8f0",
    "validity": false
  },
  {
    "id": "30cc1fd2-d0b2-4679-8a40-c737de2c6a8d",
    "validity": true
  },
  {
    "id": "7456ee77-ef88-4f4d-955c-b525b4668845",
    "validity": false
  },
  {
    "id": "c2ca08ab-0b24-4c69-871c-3ea2e3309137",
    "validity": false
  },
  {
    "id": "4f37d2a5-f2d2-4615-982a-331b9cbe9be2",
    "validity": false
  },
  {
    "id": "11f637a0-e606-41de-b12a-dfe12dfb87f1",
    "validity": true
  },
  {
    "id": "b0adc0e7-5435-4b7b-a957-82c87255700e",
    "validity": true
  },
  {
    "id": "343a5a3e-16c8-4c63-b883-052f22ea3000",
    "validity": true
  },
  {
    "id": "e0f0cf16-5aa7-4e3f-a6ae-7e1ed05bbf59",
    "validity": true
  },
  {
    "id": "e0f6b16e-3979-40d8-82ff-01b00edc2e18",
    "validity": true
  },
  {
    "id": "fba9dd9e-2617-4b21-8a4c-ebd682d2419d",
    "validity": false
  },
  {
    "id": "a56035bf-d2d3-46d3-8865-27b7846c5126",
    "validity": true
  },
  {
    "id": "29aec5d0-43b1-4e65-baf7-5a69d3d6e397",
    "validity": true
  },
  {
    "id": "9d286c8e-0c97-4332-b63c-ba27fc32e348",
    "validity": true
  },
  {
    "id": "84ae9313-2f3b-4ce5-9ced-737644159945",
    "validity": false
  },
  {
    "id": "f6ee2223-9624-4392-8189-4226b361e519",
    "validity": true
  },
  {
    "id": "b0275480-6465-4414-b9d1-7fa4c1a5ee88",
    "validity": true
  },
  {
    "id": "67a4f302-fe12-4347-a5a7-125373ae6e0b",
    "validity": false
  },
  {
    "id": "6a3912d2-fbfe-4fbc-877f-ca956282dfca",
    "validity": true
  },
  {
    "id": "d0da7e98-3321-482c-b114-bac6a8f5c71a",
    "validity": true
  },
  {
    "id": "14a48322-c73a-4e79-a8ab-04a9b4d559f9",
    "validity": false
  },
  {
    "id": "235d9e5b-73a3-4f10-ac6c-6d60e8693c3f",
    "validity": true
  },
  {
    "id": "fd43035c-045c-4f27-8238-c6c51fbdd640",
    "validity": true
  },
  {
    "id": "26f1c895-ceba-49a2-b0d1-6fa858d98e56",
    "validity": false
  },
  {
    "id": "7448654d-1b67-417c-8e36-918c53e8a1f4",
    "validity": true
  },
  {
    "id": "4c762814-a34e-40ef-86ff-cefb24d6e5d7",
    "validity": true
  },
  {
    "id": "bf41199c-cdb9-49c6-a606-6109d5ec16e4",
    "validity": true
  },
  {
    "id": "82a89276-2076-4a69-95ef-78636b092f3b",
    "validity": true
  },
  {
    "id": "818d3f86-e66d-45e6-b347-a73c2a3c843d",
    "validity": true
  },
  {
    "id": "f1a7617c-3f1d-4aa1-a685-e2ed53f46d3c",
    "validity": true
  },
  {
    "id": "cd5fb935-7363-45b4-ab10-50fa485447c9",
    "validity": false
  },
  {
    "id": "91d5d4bc-2295-494c-ac9f-74319ac189fc",
    "validity": true
  },
  {
    "id": "0fb75c34-6bea-4cf3-a1bc-4f1076a5c521",
    "validity": false
  },
  {
    "id": "484e2490-f1d1-48b9-b44f-39eb8540275e",
    "validity": false
  },
  {
    "id": "615403d0-4ba9-4739-9cee-f39e1be73ad6",
    "validity": false
  },
  {
    "id": "1a8460fa-6c7c-4118-8610-9fab85aa6c32",
    "validity": true
  },
  {
    "id": "497d159a-3702-4c43-8395-74a58f6ba139",
    "validity": false
  },
  {
    "id": "70649005-03c7-40f6-88b1-bc87f97c5429",
    "validity": false
  },
  {
    "id": "15541c10-d7a3-4580-a09e-84182fb65d42",
    "validity": true
  },
  {
    "id": "0a8e104e-5fd5-41e3-b410-e8bcc38b642b",
    "validity": true
  },
  {
    "id": "56283415-6c0a-42e6-9207-a37f1ed5cb23",
    "validity": false
  },
  {
    "id": "9e69e5b8-bee5-41ad-bbe0-3bfea26b0819",
    "validity": false
  },
  {
    "id": "6a4a6a96-2a79-4f42-9120-1cadc05fc95b",
    "validity": true
  },
  {
    "id": "3b001a4a-e30b-48c7-bebb-2ce02b06637f",
    "validity": false
  },
  {
    "id": "9d5d2453-b206-4a17-8897-53ceaaa8b63a",
    "validity": false
  },
  {
    "id": "332a0a85-30f9-4341-b27c-e30197e0b994",
    "validity": true
  },
  {
    "id": "fdeb867c-fd78-448e-9aab-8b528d533532",
    "validity": false
  },
  {
    "id": "e4563324-5364-418d-a8b7-ca1686a8df61",
    "validity": false
  },
  {
    "id": "23c32d17-4e6c-4589-b414-107f6421dfc7",
    "validity": true
  },
  {
    "id": "6b72dcd6-fd40-49f2-ad05-ac7cf319b4dc",
    "validity": false
  },
  {
    "id": "04098300-a9af-411d-9d92-088df29f0a0e",
    "validity": true
  },
  {
    "id": "a676f828-73d3-48f6-be30-2623625da25e",
    "validity": false
  },
  {
    "id": "387ccffa-07d9-4b59-9668-aa5370d1594e",
    "validity": false
  },
  {
    "id": "8c3eb056-4c7d-46ed-8311-456035f8bdeb",
    "validity": false
  },
  {
    "id": "89899917-ed94-40ec-8601-0b69da754a08",
    "validity": false
  },
  {
    "id": "a91ce532-15af-4906-a690-b0ff4d4ce829",
    "validity": true
  },
  {
    "id": "3f37120d-8f38-41d2-aedb-9906f3fd3c7c",
    "validity": true
  },
  {
    "id": "2f1bc027-a95e-4087-a4d1-a15f3c7dd637",
    "validity": true
  },
  {
    "id": "fc39ab38-fc18-44b4-a8e7-ddf8224f998b",
    "validity": false
  },
  {
    "id": "f1bea42f-abe8-43fd-b15d-eb33c62cec71",
    "validity": false
  },
  {
    "id": "d44227b2-2b2e-4c8c-92c9-3415b1323d6a",
    "validity": false
  },
  {
    "id": "4f6a051b-b6bc-401d-bf4e-c77b4b3fe833",
    "validity": true
  },
  {
    "id": "d71881bb-97b0-4154-85b8-bb49a95fedc2",
    "validity": true
  },
  {
    "id": "196f3b9f-739b-45c8-b515-9009dbd14670",
    "validity": false
  },
  {
    "id": "4c6df3a7-885f-4003-ba84-8a17fb279f9d",
    "validity": false
  },
  {
    "id": "cb83372b-29bf-4c18-9077-b050fd6f5e21",
    "validity": false
  },
  {
    "id": "3550ed18-92b8-4bbe-bc64-12ce120e3eac",
    "validity": true
  },
  {
    "id": "f1bb008a-0410-432b-b478-a34378d21244",
    "validity": false
  },
  {
    "id": "d3f30118-1d76-44fe-b781-0f5ca59c1064",
    "validity": true
  },
  {
    "id": "834712fc-57e0-4e34-9a51-10ff1a43bf8e",
    "validity": false
  },
  {
    "id": "b12fc6db-bfb1-40f9-8f77-453c9fb5a0e4",
    "validity": false
  },
  {
    "id": "23987e66-ca96-4ac7-adc0-74233f4b872d",
    "validity": true
  },
  {
    "id": "3833c1e0-8229-480c-a600-8ea9dd34cd08",
    "validity": false
  },
  {
    "id": "8c0d6906-7d13-4dfa-992e-e6535c337f67",
    "validity": false
  },
  {
    "id": "b2b10e70-a6c2-4039-b33c-f83c63f23406",
    "validity": false
  },
  {
    "id": "cfc5a2e0-56ee-459b-8bbf-04c56ad517c3",
    "validity": true
  },
  {
    "id": "3fb546db-f239-4494-8809-99a5d580567f",
    "validity": true
  },
  {
    "id": "dd848d38-a877-49b5-b8fa-1438e88027a6",
    "validity": false
  },
  {
    "id": "c78c557c-4809-47a0-8286-ee3b176365be",
    "validity": false
  },
  {
    "id": "dbe92bc3-f074-4d82-ac6b-fcfaca3a773a",
    "validity": true
  },
  {
    "id": "7ff4af6d-5f00-4088-bd1c-edb77f97bba6",
    "validity": false
  },
  {
    "id": "9c7f3e50-75b6-44dd-8e8f-46b62d37014f",
    "validity": false
  },
  {
    "id": "6d113ce6-4d1e-486c-a02c-92bc4b79d930",
    "validity": true
  },
  {
    "id": "edf902f6-48d1-4564-bc03-996b98dcbfdd",
    "validity": true
  },
  {
    "id": "d7828ad4-acbb-4ae9-ae3a-deafd6ca1c7e",
    "validity": false
  },
  {
    "id": "791a7c05-096b-496f-a635-c389138ae2d3",
    "validity": false
  },
  {
    "id": "aad00fc7-00e9-4fff-88b4-93ad92f098a3",
    "validity": true
  },
  {
    "id": "5f2028b1-f449-4a1f-860a-73b5922d94c1",
    "validity": true
  },
  {
    "id": "bce58a1d-b5e7-42c2-9f67-4d4efe313297",
    "validity": false
  },
  {
    "id": "34346def-8f46-46dc-892b-5dc199478f4c",
    "validity": true
  },
  {
    "id": "e98ebcf8-9497-4cfd-8a0e-c59427714746",
    "validity": true
  },
  {
    "id": "dbb022c6-1f59-4404-8769-903e6924ccf0",
    "validity": true
  },
  {
    "id": "2043e1ac-7595-40bd-8c69-a263b6c20747",
    "validity": false
  },
  {
    "id": "94944427-7a45-495b-82f6-3b2b8d53bf18",
    "validity": false
  },
  {
    "id": "7fd6b868-00b7-4778-8176-144c3421970d",
    "validity": false
  },
  {
    "id": "556a300e-0638-4b85-955a-f1d3b497523a",
    "validity": false
  },
  {
    "id": "5cc8a10c-4c9e-4878-ba9e-691ae2f34c8d",
    "validity": true
  },
  {
    "id": "6c4ccd63-678c-4f1b-a556-516e68e1aae8",
    "validity": true
  },
  {
    "id": "24c72068-73c7-4ede-bc41-03f2229ddbcf",
    "validity": true
  },
  {
    "id": "bf5b5254-869c-4d4d-8be0-f0f3c6ac3d93",
    "validity": true
  },
  {
    "id": "cc459699-0aa1-483e-9c3b-776b127f0404",
    "validity": false
  },
  {
    "id": "eccdb752-fde0-484b-a586-bb90c1c69ad8",
    "validity": true
  },
  {
    "id": "5cca940a-e5b3-42a1-83ab-186baba11f7f",
    "validity": true
  },
  {
    "id": "a65f60f9-313a-4fb1-90fc-6d5327918778",
    "validity": false
  },
  {
    "id": "af51a83a-c1f0-4f5e-93b0-19a9233e7f68",
    "validity": true
  },
  {
    "id": "2aadf950-2305-48c3-89f0-a7528a0dae8e",
    "validity": false
  },
  {
    "id": "e2da3b2b-a0e8-4cc8-b401-c163ce11facb",
    "validity": true
  },
  {
    "id": "ca559434-ddc8-4cfa-928a-bc847d731571",
    "validity": true
  },
  {
    "id": "f0c312d0-7a22-48ee-bc8e-1a6d7db54d7b",
    "validity": true
  },
  {
    "id": "4f1911da-5730-4f99-a975-7df5a924be19",
    "validity": true
  }
]